Nom (ordre alphab.),Coord. E,Coord. N,Pays
Aareschlucht Ost (Bahn),2659585.0,1173717.0,Suisse
Aigle-Place-du-Marché,2563929.0,1129646.0,Suisse
Areuse Les Isles Littorail,2555085.0,1200518.0,Suisse
Bern Brünnen Westside,2595176.0,1199219.0,Suisse
Biel/Bienne Bözingenfeld/Champ,2589082.0,1223056.0,Suisse
Capolago-Riva S. Vitale,2719535.0,1084643.0,Suisse
Chamoson-St-Pierre-de-Clages,2584748.0,1115283.0,Suisse
Chantemerle-près-Blonay,2559124.0,1145730.0,Suisse
Chez-le-Maître-Ecoles,2506791.0,1161635.0,Suisse
Château-d'Oex La Palaz,2577359.0,1147218.0,Suisse
Colombier NE Allées Littorail,2556689.0,1202046.0,Suisse
Colombier NE Littorail,2556376.0,1201804.0,Suisse
"Colombier NE, Les Chézards",2556249.0,1201237.0,Suisse
Diesbach-Betschwanden,2720719.0,1200674.0,Suisse
Dietikon Schöneggstrasse,2672644.0,1250572.0,Suisse
Erlenbach im Simmental,2608924.0,1167546.0,Suisse
Essert-sous-Champvent,2534459.0,1183048.0,Suisse
Ettenhausen-Emmetschloo,2705503.0,1242488.0,Suisse
Frauenfeld Marktplatz,2709897.0,1268076.0,Suisse
Freiburg (Breisgau) Hbf,2630060.0,1316468.0,Suisse
Frenkendorf-Füllinsdorf,2621133.0,1261228.0,Suisse
Fribourg/Freiburg Poya,2578467.0,1184975.0,Suisse
Friedrichshafen Flughafen,2756579.0,1282256.0,Suisse
Friedrichshafen Stadt,2752868.0,1280054.0,Suisse
Frinvillier-Taubenloch,2586270.0,1224293.0,Suisse
Fürgangen-Bellwald Talstation,2654874.0,1140309.0,Suisse
Herrliberg-Feldmeilen,2688826.0,1237434.0,Suisse
Hüttlingen-Mettendorf,2715542.0,1271313.0,Suisse
Innertkirchen Grimseltor,2660487.0,1173012.0,Suisse
Innertkirchen Kraftwerk (Bahn),2660713.0,1172645.0,Suisse
Innertkirchen Unterwasser,2660215.0,1173289.0,Suisse
Killwangen-Spreitenbach,2669073.0,1254017.0,Suisse
Konstanz-Wollmatingen,2728250.0,1282725.0,Suisse
Kurzrickenbach Seepark,2732074.0,1278415.0,Suisse
La Chaudanne-Les Moulins,2573737.0,1146138.0,Suisse
La Chaux-de-Fonds Les Forges,2552482.0,1215782.0,Suisse
La Chaux-de-Fonds-Est,2554344.0,1217119.0,Suisse
La Chaux-de-Fonds-Grenier,2554076.0,1216706.0,Suisse
La Chaux-des-Breuleux,2568686.0,1230020.0,Suisse
La Chèvrerie-Monteret,2503562.0,1144900.0,Suisse
La Presta Mines d'asphalte,2540275.0,1198078.0,Suisse
"La Tour-de-Peilz, gare",2555416.0,1145030.0,Suisse
La Tour-de-Trême Ronclina,2571101.0,1161665.0,Suisse
Lampenberg-Ramlinsburg,2624332.0,1254685.0,Suisse
Langenthal Industrie Nord,2626343.0,1230906.0,Suisse
Laufenburg (Baden) Ost,2647805.0,1268600.0,Suisse
Le Châtelard-Frontière,2562170.0,1100310.0,Suisse
Le Locle-Col-des-Roches,2545856.0,1211231.0,Suisse
Le Solliat-La Golisse,2508109.0,1163276.0,Suisse
Les Geneveys-sur-Coffrane,2555488.0,1207283.0,Suisse
Linthal Braunwaldbahn,2719093.0,1198664.0,Suisse
Mannenbach-Salenstein,2721219.0,1281582.0,Suisse
Mellingen Heitersberg,2663206.0,1253367.0,Suisse
Münchenwiler-Courgevaux,2575438.0,1195584.0,Suisse
Münchwilen Pflegeheim,2717072.0,1260128.0,Suisse
Münsterlingen-Scherzingen,2734401.0,1277394.0,Suisse
Nesslau-Neu St. Johann,2733202.0,1232148.0,Suisse
"Neuchâtel, Champ-Bougin",2559953.0,1203857.0,Suisse
"Neuchâtel, Port-de-Serrières",2559387.0,1203452.0,Suisse
"Neuchâtel, Serrières Ruau",2558641.0,1203329.0,Suisse
"Neuchâtel,Place Pury Littorail",2561170.0,1204388.0,Suisse
Neuhaus bei Hinteregg,2693409.0,1240947.0,Suisse
Nieder- und Oberurnen,2723208.0,1220316.0,Suisse
Niederrickenbach Station,2672905.0,1197892.0,Suisse
Oberdorf BL Winkelweg,2623418.0,1249637.0,Suisse
Oberei bei Wasen i.E.,2625716.0,1210320.0,Suisse
Oberentfelden Engelplatz,2645935.0,1245213.0,Suisse
Oberentfelden Uerkenbrücke,2645859.0,1245758.0,Suisse
Oberried am Brienzersee,2639766.0,1176283.0,Suisse
Pratteln Salina Raurica,2620428.0,1264463.0,Suisse
Reichenbach im Kandertal,2619256.0,1163794.0,Suisse
Rudolfstetten Hofacker,2670879.0,1246404.0,Suisse
Schindellegi-Feusisberg,2696327.0,1225830.0,Suisse
Schloss Laufen am Rheinfall,2688285.0,1281321.0,Suisse
Schwendi bei Grindelwald,2643224.0,1164513.0,Suisse
Schöfflisdorf-Oberweningen,2673328.0,1261256.0,Suisse
Siggenthal-Würenlingen,2660407.0,1263636.0,Suisse
Siselen-Finsterhennen,2580371.0,1208934.0,Suisse
St-Cergue Les Cheseaux,2500775.0,1144768.0,Suisse
St. Gallen Birnbäumen,2747447.0,1254617.0,Suisse
St. Gallen Güterbahnhof,2745168.0,1253612.0,Suisse
St. Gallen Marktplatz,2746219.0,1254646.0,Suisse
St. Gallen Notkersegg,2748282.0,1254571.0,Suisse
St. Gallen Schülerhaus,2747029.0,1254515.0,Suisse
Steinhausen Rigiblick,2678901.0,1226847.0,Suisse
Suberg-Grossaffoltern,2592431.0,1211978.0,Suisse
Tavanasa-Breil/Brigels,2724056.0,1179458.0,Suisse
Tägerwilen-Gottlieben,2727273.0,1280149.0,Suisse
Unterentfelden Oberdorf,2645580.0,1246163.0,Suisse
Valeyres-sous-Montagny,2536841.0,1183185.0,Suisse
"Vevey, funiculaire/av. Reller",2553789.0,1146439.0,Suisse
Villars-sur-Ollon Golf,2572024.0,1128700.0,Suisse
Winterthur Wülflingen,2693590.0,1262483.0,Suisse
Yverdon William Barbey,2538385.0,1182298.0,Suisse
Zürich Saalsporthalle,2681843.0,1245781.0,Suisse
